[
  {
    "id": "ee7b21dd-8685-4a09-9ed1-1cd16a1966ef",
    "data": [
      {
        "text": "Update",
        "userDefined": false
      }
    ],
    "isTemplate": false,
    "count": 0,
    "lang": "en",
    "updated": 0
  },
  {
    "id": "bedea5e7-b0de-4a1b-bdd8-8524c7b4dad2",
    "data": [
      {
        "text": "Maria",
        "meta": "@sys.person",
        "alias": "person",
        "userDefined": false
      },
      {
        "text": " what\u0027s the Status?",
        "userDefined": false
      }
    ],
    "isTemplate": false,
    "count": 0,
    "lang": "en",
    "updated": 0
  },
  {
    "id": "8be690fb-7dcd-4649-828f-b53c01dacec4",
    "data": [
      {
        "text": "Maria",
        "meta": "@sys.person",
        "alias": "person",
        "userDefined": false
      },
      {
        "text": " Speak",
        "userDefined": false
      }
    ],
    "isTemplate": false,
    "count": 0,
    "lang": "en",
    "updated": 0
  },
  {
    "id": "7c692d19-5bdb-4b67-b42e-4f8c278fd5e8",
    "data": [
      {
        "text": "Status?",
        "userDefined": false
      }
    ],
    "isTemplate": false,
    "count": 0,
    "lang": "en",
    "updated": 0
  },
  {
    "id": "6491031b-3e70-4ea8-94db-39cc5ea2d22d",
    "data": [
      {
        "text": "What\u0027s the Status?",
        "userDefined": false
      }
    ],
    "isTemplate": false,
    "count": 0,
    "lang": "en",
    "updated": 0
  },
  {
    "id": "045e3529-d0af-40fc-8c71-e26a91ee3214",
    "data": [
      {
        "text": "Is patient ok?",
        "userDefined": false
      }
    ],
    "isTemplate": false,
    "count": 0,
    "lang": "en",
    "updated": 0
  },
  {
    "id": "1030ccb2-f4b4-49c1-8ad5-2e00a992903f",
    "data": [
      {
        "text": "What Happened?",
        "userDefined": false
      }
    ],
    "isTemplate": false,
    "count": 0,
    "lang": "en",
    "updated": 0
  }
]