[
  {
    "id": "fd251016-2b29-428d-8b3c-85104eda1107",
    "data": [
      {
        "text": "Maria",
        "meta": "@sys.person",
        "alias": "person",
        "userDefined": false
      },
      {
        "text": " you may go",
        "userDefined": false
      }
    ],
    "isTemplate": false,
    "count": 0,
    "lang": "en",
    "updated": 0
  },
  {
    "id": "d82bebd3-e385-4603-add5-92c8f52614dd",
    "data": [
      {
        "text": "End",
        "userDefined": false
      }
    ],
    "isTemplate": false,
    "count": 0,
    "lang": "en",
    "updated": 0
  },
  {
    "id": "ce394f3b-c536-443a-b7be-c625787f17c7",
    "data": [
      {
        "text": "Ok help on the way..",
        "userDefined": false
      }
    ],
    "isTemplate": false,
    "count": 0,
    "lang": "en",
    "updated": 0
  },
  {
    "id": "948cc573-6cbd-4211-8726-2c8baf2747bc",
    "data": [
      {
        "text": "Bye",
        "userDefined": false
      }
    ],
    "isTemplate": false,
    "count": 0,
    "lang": "en",
    "updated": 0
  },
  {
    "id": "21e29f09-6124-49e1-94d1-a75faba369f5",
    "data": [
      {
        "text": "end conversation",
        "userDefined": false
      }
    ],
    "isTemplate": false,
    "count": 0,
    "lang": "en",
    "updated": 0
  },
  {
    "id": "f1489bd7-7cf2-4f92-98b3-583cbc7842e1",
    "data": [
      {
        "text": "you may go",
        "userDefined": false
      }
    ],
    "isTemplate": false,
    "count": 0,
    "lang": "en",
    "updated": 0
  },
  {
    "id": "07b0ad56-960a-488b-9b76-4237d4268146",
    "data": [
      {
        "text": "Thank you ",
        "userDefined": false
      },
      {
        "text": "maria",
        "meta": "@sys.person",
        "alias": "person",
        "userDefined": false
      }
    ],
    "isTemplate": false,
    "count": 0,
    "lang": "en",
    "updated": 0
  }
]