[
  {
    "id": "343a122f-28f6-4fd4-a1a9-61095ca5a523",
    "data": [
      {
        "text": "What is ",
        "userDefined": false
      },
      {
        "text": "Maria",
        "meta": "@sys.person",
        "alias": "person",
        "userDefined": false
      },
      {
        "text": "?",
        "userDefined": false
      }
    ],
    "isTemplate": false,
    "count": 0,
    "lang": "en",
    "updated": 0
  },
  {
    "id": "134f5939-1057-4df8-b463-523715b62a03",
    "data": [
      {
        "text": "What is the purpose of Maria?",
        "userDefined": false
      }
    ],
    "isTemplate": false,
    "count": 0,
    "lang": "en",
    "updated": 0
  },
  {
    "id": "8a5936f5-7a5f-40e6-9d82-4ae8e6c6a4ba",
    "data": [
      {
        "text": "Introduce yourself",
        "userDefined": false
      }
    ],
    "isTemplate": false,
    "count": 0,
    "lang": "en",
    "updated": 0
  },
  {
    "id": "963159a2-5293-45ad-aed8-8e6a36661ed7",
    "data": [
      {
        "text": "What are you?",
        "userDefined": false
      }
    ],
    "isTemplate": false,
    "count": 0,
    "lang": "en",
    "updated": 0
  }
]